quelle,teil_id,name,farbe,farbe_id,menge,ersatzteil,bild
set1,11145,"Cable, Connector, 25cm for EV3",Black,0,4,False,https://cdn.rebrickable.com/media/parts/elements/6024581.jpg
set1,55805,"Cable, Connector, 35cm for NXT",Black,0,2,False,https://cdn.rebrickable.com/media/parts/elements/6024583.jpg
set1,55806,"Cable, Connector, 50cm for NXT",Black,0,1,False,https://cdn.rebrickable.com/media/parts/elements/6024585.jpg
set1,10916,"Cable, USB, 2m for EV3",Black,0,1,False,https://cdn.rebrickable.com/media/parts/elements/6192039.jpg
set1,54187,"Storage Bin, Dacta, Medium [New Style]",Black,0,1,False,https://cdn.rebrickable.com/media/parts/photos/0/54187-0-c3986075-7679-40f1-a5fd-44fc5a56b14b.jpg
set1,3737,Technic Axle 10,Black,0,2,False,https://cdn.rebrickable.com/media/parts/elements/373726.jpg
set1,3708,Technic Axle 12,Black,0,2,False,https://cdn.rebrickable.com/media/parts/elements/370826.jpg
set1,3705,Technic Axle 4,Black,0,4,False,https://cdn.rebrickable.com/media/parts/elements/370526.jpg
set1,3706,Technic Axle 6,Black,0,4,False,https://cdn.rebrickable.com/media/parts/elements/370626.jpg
set1,3707,Technic Axle 8,Black,0,2,False,https://cdn.rebrickable.com/media/parts/elements/370726.jpg
set1,32013,Technic Axle and Pin Connector Angled #1,Black,0,4,False,https://cdn.rebrickable.com/media/parts/elements/4107085.jpg
set1,32034,Technic Axle and Pin Connector Angled #2 - 180°,Black,0,4,False,https://cdn.rebrickable.com/media/parts/elements/4107783.jpg
set1,32014,Technic Axle and Pin Connector Angled #6 - 90°,Black,0,2,False,https://cdn.rebrickable.com/media/parts/elements/4107767.jpg
set1,32184,Technic Axle and Pin Connector Perpendicular 3L with Centre Pin Hole,Black,0,8,False,https://cdn.rebrickable.com/media/parts/elements/4121667.jpg
set1,32291,Technic Axle and Pin Connector Perpendicular Double,Black,0,4,False,https://cdn.rebrickable.com/media/parts/elements/4140430.jpg
set1,41678,Technic Axle and Pin Connector Perpendicular Double Split,Black,0,4,False,https://cdn.rebrickable.com/media/parts/elements/4162857.jpg
set1,45590,Technic Axle Connector Double Flexible [Rubber],Black,0,4,False,https://cdn.rebrickable.com/media/parts/elements/4198367.jpg
set1,60483,Technic Beam 1 x 2 Thick with Pin Hole and Axle Hole,Black,0,4,False,https://cdn.rebrickable.com/media/parts/elements/4515185.jpg
set1,32523,Technic Beam 1 x 3 Thick,Black,0,2,False,https://cdn.rebrickable.com/media/parts/elements/4142822.jpg
set1,32449,Technic Beam 1 x 4 Thin,Black,0,2,False,https://cdn.rebrickable.com/media/parts/elements/4142236.jpg
set1,6629,Technic Beam 1 x 9 Bent (6 - 4) Thick,Black,0,4,False,https://cdn.rebrickable.com/media/parts/elements/4112282.jpg
set1,33299a,Technic Beam 3 x 0.5 Liftarm with Boss and Pin / Crank,Black,0,2,False,https://cdn.rebrickable.com/media/parts/elements/4156980.jpg
set1,60484,Technic Beam 3 x 3 T-Shape Thick,Black,0,4,False,https://cdn.rebrickable.com/media/parts/elements/4535771.jpg
set1,32270,Technic Gear 12 Tooth Double Bevel,Black,0,2,False,https://cdn.rebrickable.com/media/parts/elements/4177431.jpg
set1,32269,Technic Gear 20 Tooth Double Bevel with Axle Hole Type 2 [X Opening],Black,0,2,False,https://cdn.rebrickable.com/media/parts/elements/4177430.jpg
set1,32498,Technic Gear 36 Tooth Double Bevel,Black,0,2,False,https://cdn.rebrickable.com/media/parts/elements/4177434.jpg
set1,32072,Technic Knob Wheel,Black,0,4,False,https://cdn.rebrickable.com/media/parts/elements/4248204.jpg
set1,88323,"Technic Link Tread Wide with Two Pin Holes, Reinforced",Black,0,54,False,https://cdn.rebrickable.com/media/parts/elements/6014648.jpg
set1,64392,"Technic Panel Fairing #17 Large Smooth, Side A",Black,0,1,False,https://cdn.rebrickable.com/media/parts/elements/4541326.jpg
set1,64682,"Technic Panel Fairing #18 Large Smooth, Side B",Black,0,1,False,https://cdn.rebrickable.com/media/parts/elements/4543490.jpg
set1,87080,"Technic Panel Fairing #1 Small Smooth Short, Side A",Black,0,1,False,https://cdn.rebrickable.com/media/parts/elements/4566251.jpg
set1,87086,"Technic Panel Fairing #2 Small Smooth Short, Side B",Black,0,1,False,https://cdn.rebrickable.com/media/parts/elements/4566249.jpg
set1,2780,Technic Pin with Friction Ridges Lengthwise and Center Slots,Black,0,60,False,https://cdn.rebrickable.com/media/parts/elements/278026.jpg
set1,2780,Technic Pin with Friction Ridges Lengthwise and Center Slots,Black,0,1,True,https://cdn.rebrickable.com/media/parts/elements/278026.jpg
set1,57519,Technic Tread Sprocket Wheel Large 10 Tooth,Black,0,4,False,https://cdn.rebrickable.com/media/parts/elements/4513024.jpg
set1,99010,"Technic Turntable Small Base, 28 Tooth",Black,0,2,False,https://cdn.rebrickable.com/media/parts/elements/4652236.jpg
set1,2815,Technic Wedge Belt Wheel Tire,Black,0,4,False,https://cdn.rebrickable.com/media/parts/elements/281526.jpg
set1,41897,Tyre 56 x 28 ZR Street,Black,0,2,False,https://cdn.rebrickable.com/media/parts/elements/4192763.jpg
set1,43093,Technic Axle Pin with Friction Ridges Lengthwise,Blue,1,20,False,https://cdn.rebrickable.com/media/parts/elements/4206482.jpg
set1,32523,Technic Beam 1 x 3 Thick,Blue,1,4,False,https://cdn.rebrickable.com/media/parts/elements/4144284.jpg
set1,6558,"Technic Pin Long with Friction Ridges Lengthwise, 2 Center Slots",Blue,1,30,False,https://cdn.rebrickable.com/media/parts/elements/4514553.jpg
set1,99948,Technic Steel Ball 18 mm,Chrome Silver,383,1,False,https://cdn.rebrickable.com/media/parts/elements/6079570.jpg
set1,87083,Technic Axle 4 with Stop,Dark Bluish Gray,72,2,False,https://cdn.rebrickable.com/media/parts/elements/4560177.jpg
set1,55013,Technic Axle 8 with Stop,Dark Bluish Gray,72,2,False,https://cdn.rebrickable.com/media/parts/elements/4499858.jpg
set1,42003,Technic Axle and Pin Connector Perpendicular 3L with 2 Pin Holes,Dark Bluish Gray,72,8,False,https://cdn.rebrickable.com/media/parts/elements/4210857.jpg
set1,3648b,Technic Gear 24 Tooth [New Style with Single Axle Hole],Dark Bluish Gray,72,4,False,https://cdn.rebrickable.com/media/parts/elements/4514558.jpg
set1,10928,Technic Gear 8 Tooth [Reinforced],Dark Bluish Gray,72,4,False,https://cdn.rebrickable.com/media/parts/elements/6012451.jpg
set1,92911,Technic Steering Ball Joint Large Receptacle,Dark Bluish Gray,72,1,False,https://cdn.rebrickable.com/media/parts/elements/4610380.jpg
set1,4185,Technic Wedge Belt Wheel [aka Pulley],Dark Bluish Gray,72,4,False,https://cdn.rebrickable.com/media/parts/elements/4541718.jpg
set1,6587,Technic Axle 3 with Stud,Dark Tan,28,2,False,https://cdn.rebrickable.com/media/parts/elements/6031821.jpg
set1,32523,Technic Beam 1 x 3 Thick,Green,2,4,False,https://cdn.rebrickable.com/media/parts/elements/6007973.jpg
set1,99143,"Battery Cover, EV3 Programable Brick",Light Bluish Gray,71,1,False,https://cdn.rebrickable.com/media/parts/photos/71/99143-71-c77cfbbe-6e0f-4154-830c-48b4687dba14.jpg
set1,95656,"Battery Pack, Rechargeable, DC, EV3",Light Bluish Gray,71,1,False,https://cdn.rebrickable.com/media/parts/elements/6096416.jpg
set1,95658,"Motor, Large, EV3 with White Case",Light Bluish Gray,71,2,False,https://cdn.rebrickable.com/media/parts/elements/6219427.jpg
set1,99455,"Motor, Medium, EV3 with White Case",Light Bluish Gray,71,1,False,https://cdn.rebrickable.com/media/parts/elements/6008577.jpg
set1,95650,"Sensor, Colour, EV3 with White Case",Light Bluish Gray,71,1,False,https://cdn.rebrickable.com/media/parts/elements/6008919.jpg
set1,99380,"Sensor, Gyro, EV3 with White Case",Light Bluish Gray,71,1,False,https://cdn.rebrickable.com/media/parts/elements/6227055.jpg
set1,95648,"Sensor, Touch, EV3 with White Case",Light Bluish Gray,71,2,False,https://cdn.rebrickable.com/media/parts/elements/6008472.jpg
set1,95652,"Sensor, Ultrasonic, EV3",Light Bluish Gray,71,1,False,https://cdn.rebrickable.com/media/parts/elements/6063629.jpg
set1,4519,Technic Axle 3,Light Bluish Gray,71,14,False,https://cdn.rebrickable.com/media/parts/elements/4211815.jpg
set1,32073,Technic Axle 5,Light Bluish Gray,71,6,False,https://cdn.rebrickable.com/media/parts/elements/4211639.jpg
set1,44294,Technic Axle 7,Light Bluish Gray,71,5,False,https://cdn.rebrickable.com/media/parts/elements/4211805.jpg
set1,60485,Technic Axle 9,Light Bluish Gray,71,2,False,https://cdn.rebrickable.com/media/parts/elements/4535768.jpg
set1,6536,Technic Axle and Pin Connector Perpendicular,Light Bluish Gray,71,8,False,https://cdn.rebrickable.com/media/parts/elements/4211775.jpg
set1,63869,Technic Axle and Pin Connector Perpendicular Triple,Light Bluish Gray,71,6,False,https://cdn.rebrickable.com/media/parts/elements/4538007.jpg
set1,57585,Technic Axle Connector Hub with 3 Axles at 120°,Light Bluish Gray,71,2,False,https://cdn.rebrickable.com/media/parts/elements/4502595.jpg
set1,32525,Technic Beam 1 x 11 Thick,Light Bluish Gray,71,4,False,https://cdn.rebrickable.com/media/parts/elements/4156151.jpg
set1,41239,Technic Beam 1 x 13 Thick,Light Bluish Gray,71,6,False,https://cdn.rebrickable.com/media/parts/elements/4156299.jpg
set1,32316,Technic Beam 1 x 5 Thick,Light Bluish Gray,71,4,False,https://cdn.rebrickable.com/media/parts/elements/4211651.jpg
set1,32524,Technic Beam 1 x 7 Thick,Light Bluish Gray,71,4,False,https://cdn.rebrickable.com/media/parts/elements/4495930.jpg
set1,32271,Technic Beam 1 x 9 Bent (7 - 3) Thick,Light Bluish Gray,71,4,False,https://cdn.rebrickable.com/media/parts/elements/4211624.jpg
set1,40490,Technic Beam 1 x 9 Thick,Light Bluish Gray,71,6,False,https://cdn.rebrickable.com/media/parts/elements/4211866.jpg
set1,32526,Technic Beam 3 x 5 L-Shape Thick,Light Bluish Gray,71,2,False,https://cdn.rebrickable.com/media/parts/elements/4211713.jpg
set1,64178,Technic Beam 5 x 11 with 3 x 5 Opening Frame Thick,Light Bluish Gray,71,1,False,https://cdn.rebrickable.com/media/parts/elements/4540797.jpg
set1,64179,Technic Beam Frame 5 x 7 with 3 x 5 Opening Thick,Light Bluish Gray,71,3,False,https://cdn.rebrickable.com/media/parts/elements/4539880.jpg
set1,99773,Technic Beam Triangle Thin [Type II],Light Bluish Gray,71,4,False,https://cdn.rebrickable.com/media/parts/elements/6009019.jpg
set1,3713,Technic Bush,Light Bluish Gray,71,1,True,https://cdn.rebrickable.com/media/parts/elements/4211622.jpg
set1,3713,Technic Bush,Light Bluish Gray,71,10,False,https://cdn.rebrickable.com/media/parts/elements/4211622.jpg
set1,94925,Technic Gear 16 Tooth Reinforced [New Style],Light Bluish Gray,71,4,False,https://cdn.rebrickable.com/media/parts/elements/4640536.jpg
set1,3649,Technic Gear 40 Tooth,Light Bluish Gray,71,2,False,https://cdn.rebrickable.com/media/parts/elements/4211433.jpg
set1,48989,Technic Pin Connector Hub Perpendicular 3L with 4 Pins,Light Bluish Gray,71,6,False,https://cdn.rebrickable.com/media/parts/elements/4225033.jpg
set1,55615,Technic Pin Connector Hub Perpendicular 3 x 3 Bent with 4 Pins (Pin Ridges Across Part),Light Bluish Gray,71,4,False,https://cdn.rebrickable.com/media/parts/elements/4296059.jpg
set1,87082,Technic Pin Connector Hub with 2 Pins with Friction Ridges Lengthwise [Big Squared Pin Holes],Light Bluish Gray,71,4,False,https://cdn.rebrickable.com/media/parts/elements/4560175.jpg
set1,62462,Technic Pin Connector Round [Slotted],Light Bluish Gray,71,4,False,https://cdn.rebrickable.com/media/parts/elements/4526985.jpg
set1,3673,Technic Pin without Friction Ridges Lengthwise,Light Bluish Gray,71,10,False,https://cdn.rebrickable.com/media/parts/elements/4211807.jpg
set1,99009,Technic Turntable Small Top,Light Bluish Gray,71,2,False,https://cdn.rebrickable.com/media/parts/elements/4652235.jpg
set1,4716,Technic Worm Gear,Light Bluish Gray,71,2,False,https://cdn.rebrickable.com/media/parts/elements/4211510.jpg
set1,56908,Wheel 43.2 x 26 Technic Racing Small with 6 Pinholes,Light Bluish Gray,71,2,False,https://cdn.rebrickable.com/media/parts/elements/4634091.jpg
set1,45544bc,Activity Booklet - Cover and Inventory Card - Set 45544,[No Color/Any Color],9999,1,False,https://cdn.rebrickable.com/media/parts/photos/9999/45544bc-9999-1d840274-4238-43b6-b63c-87df0f65a301.jpg
set1,42806,Sticker Sheet for Set 45544-1,[No Color/Any Color],9999,1,False,https://cdn.rebrickable.com/media/parts/photos/9999/42806-9999-b0a50f3b-455c-49fb-a759-6c2d4a4ab216.jpg
set1,54572,"Storage / Sorting Tray, Dacta, 13 Cups [For New Style Storage Bins]",Red,4,1,False,https://cdn.rebrickable.com/media/parts/photos/4/54572-4-df0c1fba-206a-4c84-9d1c-32643127cb1b.jpg
set1,32062,Technic Axle 2 Notched,Red,4,10,False,https://cdn.rebrickable.com/media/parts/elements/4142865.jpg
set1,59443,Technic Axle Connector Smooth [with x Hole + Orientation],Red,4,6,False,https://cdn.rebrickable.com/media/parts/elements/4513174.jpg
set1,32523,Technic Beam 1 x 3 Thick,Red,4,4,False,https://cdn.rebrickable.com/media/parts/elements/4153718.jpg
set1,32140,Technic Beam 2 x 4 L-Shape Thick,Red,4,6,False,https://cdn.rebrickable.com/media/parts/elements/4141270.jpg
set1,44809,Technic Pin Connector Perpendicular 2 x 2 Bent,Red,4,2,False,https://cdn.rebrickable.com/media/parts/elements/6008527.jpg
set1,32054,"Technic Pin Long with Friction Ridges Lengthwise and Stop Bush [3 Lateral Holes, Big Pin Hole]",Red,4,22,False,https://cdn.rebrickable.com/media/parts/elements/4140806.jpg
set1,3749,Technic Axle Pin without Friction Ridges Lengthwise,Tan,19,8,False,https://cdn.rebrickable.com/media/parts/elements/4186017.jpg
set1,6589,Technic Gear 12 Tooth Bevel,Tan,19,1,True,https://cdn.rebrickable.com/media/parts/elements/4514556.jpg
set1,6589,Technic Gear 12 Tooth Bevel,Tan,19,2,False,https://cdn.rebrickable.com/media/parts/elements/4514556.jpg
set1,32556,Technic Pin Long without Friction Ridges,Tan,19,6,False,https://cdn.rebrickable.com/media/parts/photos/19/32556-19-22727d9e-2cd4-4ab9-8a17-a619c8ae7eb4.jpg
set1,54190,"Storage Bin Lid, Dacta [For New Style Trays]",Trans-Clear,47,1,False,https://cdn.rebrickable.com/media/parts/photos/47/54190-47-fcac4fd8-a300-4927-b4a0-16d6c64e63fe.jpg
set1,95646c01,"Hub, EV3 Brick [Complete Assembly]",White,15,1,False,https://cdn.rebrickable.com/media/parts/elements/6187080.jpg
set1,32009,Technic Beam 1 x 11.5 Double Bent Thick,White,15,4,False,https://cdn.rebrickable.com/media/parts/elements/4125194.jpg
set1,32278,Technic Beam 1 x 15 Thick,White,15,6,False,https://cdn.rebrickable.com/media/parts/elements/4141998.jpg
set1,32348,Technic Beam 1 x 7 Bent (4 - 4) Thick,White,15,6,False,https://cdn.rebrickable.com/media/parts/elements/4140466.jpg
set1,32526,Technic Beam 3 x 5 L-Shape Thick,White,15,4,False,https://cdn.rebrickable.com/media/parts/elements/4204714.jpg
set1,41669,Technic Tooth 1 x 3 with Axle Hole [Rounded Underside],White,15,4,False,https://cdn.rebrickable.com/media/parts/elements/4173941.jpg
set1,32523,Technic Beam 1 x 3 Thick,Yellow,14,4,False,https://cdn.rebrickable.com/media/parts/elements/4153707.jpg
set1,32123b,Technic Bush 1/2 Smooth with Axle Hole Semi-Reduced,Yellow,14,10,False,https://cdn.rebrickable.com/media/parts/elements/6271167.jpg
set1,32123b,Technic Bush 1/2 Smooth with Axle Hole Semi-Reduced,Yellow,14,1,True,https://cdn.rebrickable.com/media/parts/elements/6271167.jpg
set2,11145,"Cable, Connector, 25cm for EV3",Black,0,4,False,https://cdn.rebrickable.com/media/parts/elements/6024581.jpg
set2,55805,"Cable, Connector, 35cm for NXT",Black,0,2,False,https://cdn.rebrickable.com/media/parts/elements/6024583.jpg
set2,55806,"Cable, Connector, 50cm for NXT",Black,0,1,False,https://cdn.rebrickable.com/media/parts/elements/6024585.jpg
set2,10916,"Cable, USB, 2m for EV3",Black,0,1,False,https://cdn.rebrickable.com/media/parts/elements/6192039.jpg
set2,54187,"Storage Bin, Dacta, Medium [New Style]",Black,0,1,False,https://cdn.rebrickable.com/media/parts/photos/0/54187-0-c3986075-7679-40f1-a5fd-44fc5a56b14b.jpg
set2,3737,Technic Axle 10,Black,0,2,False,https://cdn.rebrickable.com/media/parts/elements/373726.jpg
set2,3708,Technic Axle 12,Black,0,2,False,https://cdn.rebrickable.com/media/parts/elements/370826.jpg
set2,3705,Technic Axle 4,Black,0,4,False,https://cdn.rebrickable.com/media/parts/elements/370526.jpg
set2,3706,Technic Axle 6,Black,0,4,False,https://cdn.rebrickable.com/media/parts/elements/370626.jpg
set2,3707,Technic Axle 8,Black,0,2,False,https://cdn.rebrickable.com/media/parts/elements/370726.jpg
set2,32013,Technic Axle and Pin Connector Angled #1,Black,0,4,False,https://cdn.rebrickable.com/media/parts/elements/4107085.jpg
set2,32034,Technic Axle and Pin Connector Angled #2 - 180°,Black,0,4,False,https://cdn.rebrickable.com/media/parts/elements/4107783.jpg
set2,32014,Technic Axle and Pin Connector Angled #6 - 90°,Black,0,2,False,https://cdn.rebrickable.com/media/parts/elements/4107767.jpg
set2,32184,Technic Axle and Pin Connector Perpendicular 3L with Centre Pin Hole,Black,0,8,False,https://cdn.rebrickable.com/media/parts/elements/4121667.jpg
set2,32291,Technic Axle and Pin Connector Perpendicular Double,Black,0,4,False,https://cdn.rebrickable.com/media/parts/elements/4140430.jpg
set2,41678,Technic Axle and Pin Connector Perpendicular Double Split,Black,0,4,False,https://cdn.rebrickable.com/media/parts/elements/4162857.jpg
set2,45590,Technic Axle Connector Double Flexible [Rubber],Black,0,4,False,https://cdn.rebrickable.com/media/parts/elements/4198367.jpg
set2,60483,Technic Beam 1 x 2 Thick with Pin Hole and Axle Hole,Black,0,4,False,https://cdn.rebrickable.com/media/parts/elements/4515185.jpg
set2,32523,Technic Beam 1 x 3 Thick,Black,0,2,False,https://cdn.rebrickable.com/media/parts/elements/4142822.jpg
set2,32449,Technic Beam 1 x 4 Thin,Black,0,2,False,https://cdn.rebrickable.com/media/parts/elements/4142236.jpg
set2,6629,Technic Beam 1 x 9 Bent (6 - 4) Thick,Black,0,4,False,https://cdn.rebrickable.com/media/parts/elements/4112282.jpg
set2,33299a,Technic Beam 3 x 0.5 Liftarm with Boss and Pin / Crank,Black,0,2,False,https://cdn.rebrickable.com/media/parts/elements/4156980.jpg
set2,60484,Technic Beam 3 x 3 T-Shape Thick,Black,0,4,False,https://cdn.rebrickable.com/media/parts/elements/4535771.jpg
set2,32270,Technic Gear 12 Tooth Double Bevel,Black,0,2,False,https://cdn.rebrickable.com/media/parts/elements/4177431.jpg
set2,32269,Technic Gear 20 Tooth Double Bevel with Axle Hole Type 2 [X Opening],Black,0,2,False,https://cdn.rebrickable.com/media/parts/elements/4177430.jpg
set2,32498,Technic Gear 36 Tooth Double Bevel,Black,0,2,False,https://cdn.rebrickable.com/media/parts/elements/4177434.jpg
set2,32072,Technic Knob Wheel,Black,0,4,False,https://cdn.rebrickable.com/media/parts/elements/4248204.jpg
set2,88323,"Technic Link Tread Wide with Two Pin Holes, Reinforced",Black,0,54,False,https://cdn.rebrickable.com/media/parts/elements/6014648.jpg
set2,64392,"Technic Panel Fairing #17 Large Smooth, Side A",Black,0,1,False,https://cdn.rebrickable.com/media/parts/elements/4541326.jpg
set2,64682,"Technic Panel Fairing #18 Large Smooth, Side B",Black,0,1,False,https://cdn.rebrickable.com/media/parts/elements/4543490.jpg
set2,87080,"Technic Panel Fairing #1 Small Smooth Short, Side A",Black,0,1,False,https://cdn.rebrickable.com/media/parts/elements/4566251.jpg
set2,87086,"Technic Panel Fairing #2 Small Smooth Short, Side B",Black,0,1,False,https://cdn.rebrickable.com/media/parts/elements/4566249.jpg
set2,2780,Technic Pin with Friction Ridges Lengthwise and Center Slots,Black,0,60,False,https://cdn.rebrickable.com/media/parts/elements/278026.jpg
set2,2780,Technic Pin with Friction Ridges Lengthwise and Center Slots,Black,0,1,True,https://cdn.rebrickable.com/media/parts/elements/278026.jpg
set2,57519,Technic Tread Sprocket Wheel Large 10 Tooth,Black,0,4,False,https://cdn.rebrickable.com/media/parts/elements/4513024.jpg
set2,99010,"Technic Turntable Small Base, 28 Tooth",Black,0,2,False,https://cdn.rebrickable.com/media/parts/elements/4652236.jpg
set2,2815,Technic Wedge Belt Wheel Tire,Black,0,4,False,https://cdn.rebrickable.com/media/parts/elements/281526.jpg
set2,41897,Tyre 56 x 28 ZR Street,Black,0,2,False,https://cdn.rebrickable.com/media/parts/elements/4192763.jpg
set2,43093,Technic Axle Pin with Friction Ridges Lengthwise,Blue,1,20,False,https://cdn.rebrickable.com/media/parts/elements/4206482.jpg
set2,32523,Technic Beam 1 x 3 Thick,Blue,1,4,False,https://cdn.rebrickable.com/media/parts/elements/4144284.jpg
set2,6558,"Technic Pin Long with Friction Ridges Lengthwise, 2 Center Slots",Blue,1,30,False,https://cdn.rebrickable.com/media/parts/elements/4514553.jpg
set2,99948,Technic Steel Ball 18 mm,Chrome Silver,383,1,False,https://cdn.rebrickable.com/media/parts/elements/6079570.jpg
set2,87083,Technic Axle 4 with Stop,Dark Bluish Gray,72,2,False,https://cdn.rebrickable.com/media/parts/elements/4560177.jpg
set2,55013,Technic Axle 8 with Stop,Dark Bluish Gray,72,2,False,https://cdn.rebrickable.com/media/parts/elements/4499858.jpg
set2,42003,Technic Axle and Pin Connector Perpendicular 3L with 2 Pin Holes,Dark Bluish Gray,72,8,False,https://cdn.rebrickable.com/media/parts/elements/4210857.jpg
set2,3648b,Technic Gear 24 Tooth [New Style with Single Axle Hole],Dark Bluish Gray,72,4,False,https://cdn.rebrickable.com/media/parts/elements/4514558.jpg
set2,10928,Technic Gear 8 Tooth [Reinforced],Dark Bluish Gray,72,4,False,https://cdn.rebrickable.com/media/parts/elements/6012451.jpg
set2,92911,Technic Steering Ball Joint Large Receptacle,Dark Bluish Gray,72,1,False,https://cdn.rebrickable.com/media/parts/elements/4610380.jpg
set2,4185,Technic Wedge Belt Wheel [aka Pulley],Dark Bluish Gray,72,4,False,https://cdn.rebrickable.com/media/parts/elements/4541718.jpg
set2,6587,Technic Axle 3 with Stud,Dark Tan,28,2,False,https://cdn.rebrickable.com/media/parts/elements/6031821.jpg
set2,32523,Technic Beam 1 x 3 Thick,Green,2,4,False,https://cdn.rebrickable.com/media/parts/elements/6007973.jpg
set2,99143,"Battery Cover, EV3 Programable Brick",Light Bluish Gray,71,1,False,https://cdn.rebrickable.com/media/parts/photos/71/99143-71-c77cfbbe-6e0f-4154-830c-48b4687dba14.jpg
set2,95656,"Battery Pack, Rechargeable, DC, EV3",Light Bluish Gray,71,1,False,https://cdn.rebrickable.com/media/parts/elements/6096416.jpg
set2,95658,"Motor, Large, EV3 with White Case",Light Bluish Gray,71,2,False,https://cdn.rebrickable.com/media/parts/elements/6219427.jpg
set2,99455,"Motor, Medium, EV3 with White Case",Light Bluish Gray,71,1,False,https://cdn.rebrickable.com/media/parts/elements/6008577.jpg
set2,95650,"Sensor, Colour, EV3 with White Case",Light Bluish Gray,71,1,False,https://cdn.rebrickable.com/media/parts/elements/6008919.jpg
set2,99380,"Sensor, Gyro, EV3 with White Case",Light Bluish Gray,71,1,False,https://cdn.rebrickable.com/media/parts/elements/6227055.jpg
set2,95648,"Sensor, Touch, EV3 with White Case",Light Bluish Gray,71,2,False,https://cdn.rebrickable.com/media/parts/elements/6008472.jpg
set2,95652,"Sensor, Ultrasonic, EV3",Light Bluish Gray,71,1,False,https://cdn.rebrickable.com/media/parts/elements/6063629.jpg
set2,4519,Technic Axle 3,Light Bluish Gray,71,14,False,https://cdn.rebrickable.com/media/parts/elements/4211815.jpg
set2,32073,Technic Axle 5,Light Bluish Gray,71,6,False,https://cdn.rebrickable.com/media/parts/elements/4211639.jpg
set2,44294,Technic Axle 7,Light Bluish Gray,71,5,False,https://cdn.rebrickable.com/media/parts/elements/4211805.jpg
set2,60485,Technic Axle 9,Light Bluish Gray,71,2,False,https://cdn.rebrickable.com/media/parts/elements/4535768.jpg
set2,6536,Technic Axle and Pin Connector Perpendicular,Light Bluish Gray,71,8,False,https://cdn.rebrickable.com/media/parts/elements/4211775.jpg
set2,63869,Technic Axle and Pin Connector Perpendicular Triple,Light Bluish Gray,71,6,False,https://cdn.rebrickable.com/media/parts/elements/4538007.jpg
set2,57585,Technic Axle Connector Hub with 3 Axles at 120°,Light Bluish Gray,71,2,False,https://cdn.rebrickable.com/media/parts/elements/4502595.jpg
set2,32525,Technic Beam 1 x 11 Thick,Light Bluish Gray,71,4,False,https://cdn.rebrickable.com/media/parts/elements/4156151.jpg
set2,41239,Technic Beam 1 x 13 Thick,Light Bluish Gray,71,6,False,https://cdn.rebrickable.com/media/parts/elements/4156299.jpg
set2,32316,Technic Beam 1 x 5 Thick,Light Bluish Gray,71,4,False,https://cdn.rebrickable.com/media/parts/elements/4211651.jpg
set2,32524,Technic Beam 1 x 7 Thick,Light Bluish Gray,71,4,False,https://cdn.rebrickable.com/media/parts/elements/4495930.jpg
set2,32271,Technic Beam 1 x 9 Bent (7 - 3) Thick,Light Bluish Gray,71,4,False,https://cdn.rebrickable.com/media/parts/elements/4211624.jpg
set2,40490,Technic Beam 1 x 9 Thick,Light Bluish Gray,71,6,False,https://cdn.rebrickable.com/media/parts/elements/4211866.jpg
set2,32526,Technic Beam 3 x 5 L-Shape Thick,Light Bluish Gray,71,2,False,https://cdn.rebrickable.com/media/parts/elements/4211713.jpg
set2,64178,Technic Beam 5 x 11 with 3 x 5 Opening Frame Thick,Light Bluish Gray,71,1,False,https://cdn.rebrickable.com/media/parts/elements/4540797.jpg
set2,64179,Technic Beam Frame 5 x 7 with 3 x 5 Opening Thick,Light Bluish Gray,71,3,False,https://cdn.rebrickable.com/media/parts/elements/4539880.jpg
set2,99773,Technic Beam Triangle Thin [Type II],Light Bluish Gray,71,4,False,https://cdn.rebrickable.com/media/parts/elements/6009019.jpg
set2,3713,Technic Bush,Light Bluish Gray,71,1,True,https://cdn.rebrickable.com/media/parts/elements/4211622.jpg
set2,3713,Technic Bush,Light Bluish Gray,71,10,False,https://cdn.rebrickable.com/media/parts/elements/4211622.jpg
set2,94925,Technic Gear 16 Tooth Reinforced [New Style],Light Bluish Gray,71,4,False,https://cdn.rebrickable.com/media/parts/elements/4640536.jpg
set2,3649,Technic Gear 40 Tooth,Light Bluish Gray,71,2,False,https://cdn.rebrickable.com/media/parts/elements/4211433.jpg
set2,48989,Technic Pin Connector Hub Perpendicular 3L with 4 Pins,Light Bluish Gray,71,6,False,https://cdn.rebrickable.com/media/parts/elements/4225033.jpg
set2,55615,Technic Pin Connector Hub Perpendicular 3 x 3 Bent with 4 Pins (Pin Ridges Across Part),Light Bluish Gray,71,4,False,https://cdn.rebrickable.com/media/parts/elements/4296059.jpg
set2,87082,Technic Pin Connector Hub with 2 Pins with Friction Ridges Lengthwise [Big Squared Pin Holes],Light Bluish Gray,71,4,False,https://cdn.rebrickable.com/media/parts/elements/4560175.jpg
set2,62462,Technic Pin Connector Round [Slotted],Light Bluish Gray,71,4,False,https://cdn.rebrickable.com/media/parts/elements/4526985.jpg
set2,3673,Technic Pin without Friction Ridges Lengthwise,Light Bluish Gray,71,10,False,https://cdn.rebrickable.com/media/parts/elements/4211807.jpg
set2,99009,Technic Turntable Small Top,Light Bluish Gray,71,2,False,https://cdn.rebrickable.com/media/parts/elements/4652235.jpg
set2,4716,Technic Worm Gear,Light Bluish Gray,71,2,False,https://cdn.rebrickable.com/media/parts/elements/4211510.jpg
set2,56908,Wheel 43.2 x 26 Technic Racing Small with 6 Pinholes,Light Bluish Gray,71,2,False,https://cdn.rebrickable.com/media/parts/elements/4634091.jpg
set2,45544bc,Activity Booklet - Cover and Inventory Card - Set 45544,[No Color/Any Color],9999,1,False,https://cdn.rebrickable.com/media/parts/photos/9999/45544bc-9999-1d840274-4238-43b6-b63c-87df0f65a301.jpg
set2,42806,Sticker Sheet for Set 45544-1,[No Color/Any Color],9999,1,False,https://cdn.rebrickable.com/media/parts/photos/9999/42806-9999-b0a50f3b-455c-49fb-a759-6c2d4a4ab216.jpg
set2,54572,"Storage / Sorting Tray, Dacta, 13 Cups [For New Style Storage Bins]",Red,4,1,False,https://cdn.rebrickable.com/media/parts/photos/4/54572-4-df0c1fba-206a-4c84-9d1c-32643127cb1b.jpg
set2,32062,Technic Axle 2 Notched,Red,4,10,False,https://cdn.rebrickable.com/media/parts/elements/4142865.jpg
set2,59443,Technic Axle Connector Smooth [with x Hole + Orientation],Red,4,6,False,https://cdn.rebrickable.com/media/parts/elements/4513174.jpg
set2,32523,Technic Beam 1 x 3 Thick,Red,4,4,False,https://cdn.rebrickable.com/media/parts/elements/4153718.jpg
set2,32140,Technic Beam 2 x 4 L-Shape Thick,Red,4,6,False,https://cdn.rebrickable.com/media/parts/elements/4141270.jpg
set2,44809,Technic Pin Connector Perpendicular 2 x 2 Bent,Red,4,2,False,https://cdn.rebrickable.com/media/parts/elements/6008527.jpg
set2,32054,"Technic Pin Long with Friction Ridges Lengthwise and Stop Bush [3 Lateral Holes, Big Pin Hole]",Red,4,22,False,https://cdn.rebrickable.com/media/parts/elements/4140806.jpg
set2,3749,Technic Axle Pin without Friction Ridges Lengthwise,Tan,19,8,False,https://cdn.rebrickable.com/media/parts/elements/4186017.jpg
set2,6589,Technic Gear 12 Tooth Bevel,Tan,19,1,True,https://cdn.rebrickable.com/media/parts/elements/4514556.jpg
set2,6589,Technic Gear 12 Tooth Bevel,Tan,19,2,False,https://cdn.rebrickable.com/media/parts/elements/4514556.jpg
set2,32556,Technic Pin Long without Friction Ridges,Tan,19,6,False,https://cdn.rebrickable.com/media/parts/photos/19/32556-19-22727d9e-2cd4-4ab9-8a17-a619c8ae7eb4.jpg
set2,54190,"Storage Bin Lid, Dacta [For New Style Trays]",Trans-Clear,47,1,False,https://cdn.rebrickable.com/media/parts/photos/47/54190-47-fcac4fd8-a300-4927-b4a0-16d6c64e63fe.jpg
set2,95646c01,"Hub, EV3 Brick [Complete Assembly]",White,15,1,False,https://cdn.rebrickable.com/media/parts/elements/6187080.jpg
set2,32009,Technic Beam 1 x 11.5 Double Bent Thick,White,15,4,False,https://cdn.rebrickable.com/media/parts/elements/4125194.jpg
set2,32278,Technic Beam 1 x 15 Thick,White,15,6,False,https://cdn.rebrickable.com/media/parts/elements/4141998.jpg
set2,32348,Technic Beam 1 x 7 Bent (4 - 4) Thick,White,15,6,False,https://cdn.rebrickable.com/media/parts/elements/4140466.jpg
set2,32526,Technic Beam 3 x 5 L-Shape Thick,White,15,4,False,https://cdn.rebrickable.com/media/parts/elements/4204714.jpg
set2,41669,Technic Tooth 1 x 3 with Axle Hole [Rounded Underside],White,15,4,False,https://cdn.rebrickable.com/media/parts/elements/4173941.jpg
set2,32523,Technic Beam 1 x 3 Thick,Yellow,14,4,False,https://cdn.rebrickable.com/media/parts/elements/4153707.jpg
set2,32123b,Technic Bush 1/2 Smooth with Axle Hole Semi-Reduced,Yellow,14,10,False,https://cdn.rebrickable.com/media/parts/elements/6271167.jpg
set2,32123b,Technic Bush 1/2 Smooth with Axle Hole Semi-Reduced,Yellow,14,1,True,https://cdn.rebrickable.com/media/parts/elements/6271167.jpg
