teil_id,name,menge,preis_stk,haendler,hinweis
3713,Technic Bush,6,offen,bricksbyaj (AT),Verlustteil; Set hat 10
32123b,Technic Bush 1/2 Smooth with Axle Hole Semi-Reduced,4,offen,bricksbyaj (AT),Set hat 10
2780,Technic Pin with Friction Ridges Lengthwise and Center Slot,10,offen,bricksbyaj (AT),geht oft verloren; Set hat 60
3673,Technic Pin without Friction Ridges Lengthwise,4,offen,bricksbyaj (AT),Set hat 10
4519,Technic Axle 3,4,offen,bricksbyaj (AT),Set hat 14
32073,Technic Axle 5,4,offen,bricksbyaj (AT),Set hat 6
3648b,Technic Gear 24 Tooth,2,offen,bricksbyaj (AT),Antriebszahnrad; Set hat 4
94925,Technic Gear 16 Tooth Reinforced,2,offen,bricksbyaj (AT),Set hat 4
3649,Technic Gear 40 Tooth,2,offen,bricksbyaj (AT),Set hat 2
32270,Technic Gear 12 Tooth Double Bevel,2,offen,bricksbyaj (AT),Set hat 2
